beta,block_size,conditioning,dense_ms,dense_peak_incremental_bytes,density_mean,density_p10,density_p90,density_std,dimension,error_reduction_fraction,exact_cosine,exact_ms,exact_peak_incremental_bytes,exact_relative_l2,exact_speedup_over_dense,family,full_map_route_ms,head,head_dim,label,latent,layer,length,model_id,moment_aux_bytes,moment_route_ms,moment_route_speedup,proxy_map_bytes_avoided,rank,routing_aux_reduction,seed,sequence,sol_cosine,sol_kernel_memory_ratio_to_dense,sol_kernel_ms,sol_kernel_peak_incremental_bytes,sol_kernel_speedup_over_dense,sol_ms,sol_overhead_vs_exact,sol_peak_incremental_bytes,sol_relative_l2,sol_speedup_over_dense,source,spatial,stream_count_match_fraction,stream_count_matches_full_map,stream_count_max_abs_difference,stream_density_mean,target_density_gaussian,tensor_source,threshold_moment_max_abs_error
1.03643339,64,,1.1296693483988445,4195328,0.14990234375,0.13671875,0.162109375,0.009046390652656555,64,0.677957009442108,0.3799329400062561,0.815770705540975,8519680,2.4754393100738525,1.3847878340393567,random,0.27530133724212646,,,final-random-32k,,,32768,,18944,0.24601600567499796,1.1190383182052643,1048576,3,55.351351351351354,727,,0.6259105205535889,1.0002440810349036,0.8076746463775635,4196352,1.398668824712319,0.9259306589762369,0.1350378883269776,8519680,0.7971978783607483,1.2200366598162684,final_random_32k,,0.98828125,False,1,0.14989471435546875,0.1499999998819726,,4.180154064670205e-06
1.28155157,64,,1.1265066464742024,4195328,0.10021209716796875,0.08984375,0.111328125,0.008367490954697132,64,0.7395528044428341,0.3092310428619385,0.6662453413009644,8519680,3.1241674423217773,1.6908285531490468,random,0.2903733253479004,,,final-random-32k,,,32768,,18944,0.23918932676315308,1.213989475523003,1048576,3,55.351351351351354,727,,0.5995944142341614,1.0002440810349036,0.6711573600769043,4196352,1.6784538373312663,0.7860106627146403,0.1797615892965383,8519680,0.8136806488037109,1.433195120513497,final_random_32k,,0.990234375,False,1,0.10023117065429688,0.09999999921808483,,4.180154064670205e-06
1.03643339,64,,1.130400021870931,4195328,0.15020370483398438,0.138671875,0.162109375,0.009040751494467258,64,0.6777791973370173,0.3951674997806549,0.8164107004801432,8519680,2.39798903465271,1.384597263615146,random,0.2805866599082947,,,final-random-32k,,,32768,,18944,0.2513013283411662,1.11653472649922,1048576,2,55.351351351351354,719,,0.6535565853118896,1.0002440810349036,0.8166133562723795,4196352,1.3842536534436605,0.932965358098348,0.14276473538337675,8519680,0.7726819515228271,1.2116205731100365,final_random_32k,,0.970703125,False,1,0.1501922607421875,0.1499999998819726,,4.1552993934601545e-06
1.03643339,64,,1.1273599863052368,4195328,0.15002822875976562,0.138671875,0.162109375,0.009484388865530491,64,0.6760277171988849,0.3932662606239319,0.8005040287971497,8519680,2.404038906097412,1.4083126951893374,random,0.4919080138206482,,,final-random-32k,,,32768,,18944,0.4097839891910553,1.2004080852248815,1048576,0,55.351351351351354,701,,0.6476259827613831,1.0002440810349036,0.8161759972572327,4196352,1.3812706941808397,0.9205759763717651,0.14999543194684173,8519680,0.7788419723510742,1.2246245994257448,final_random_32k,,0.984375,False,1,0.15003585815429688,0.1499999998819726,,3.5171688068658113e-06
1.28155157,64,,1.1278613408406575,4195328,0.1001739501953125,0.08984375,0.109375,0.007888056337833405,64,0.7398287803017805,0.3246433138847351,0.6766719818115234,8519680,3.030324697494507,1.6667770665208448,random,0.30557332436243695,,,final-random-32k,,,32768,,18944,0.24625066916147867,1.2409035289242503,1048576,2,55.351351351351354,719,,0.6303654313087463,1.0002440810349036,0.681056022644043,4196352,1.6560478188886663,0.7925919691721598,0.17130898053486132,8519680,0.7884032726287842,1.423003745569965,final_random_32k,,0.98828125,False,1,0.10018157958984375,0.09999999921808483,,4.1552993934601545e-06
1.28155157,64,,1.1267240047454834,4195328,0.10008621215820312,0.08984375,0.111328125,0.00808271486312151,64,0.7383525654800089,0.32205867767333984,0.6748960018157959,8519680,3.040127754211426,1.6694779665519608,random,0.28283199667930603,,,final-random-32k,,,32768,,18944,0.23864400386810303,1.1851628035692252,1048576,0,55.351351351351354,701,,0.6229938268661499,1.0002440810349036,0.684008002281189,4196352,1.6472380454436528,0.7839999794960022,0.16166042973534278,8519680,0.7954416275024414,1.4371480028224017,final_random_32k,,0.986328125,False,1,0.10009765625,0.09999999921808483,,3.5171688068658113e-06
1.03643339,64,,1.1202826499938965,4195328,0.15062332153320312,0.138671875,0.162109375,0.009503364562988281,64,0.6775780735453476,0.3952339291572571,0.856655995051066,8519680,2.3728930950164795,1.3077392284251923,random,0.45861868063608807,,,final-random-32k,,,32768,,18944,0.40108267466227215,1.14345173603488,1048576,1,55.351351351351354,709,,0.6622726917266846,1.0002440810349036,0.8275093237559,4196352,1.3538006374467864,0.9678453604380289,0.12979465039561733,8519680,0.765072762966156,1.1575016999480963,final_random_32k,,0.978515625,False,1,0.1506195068359375,0.1499999998819726,,3.489665687084198e-06
1.28155157,64,,1.117456038792928,4195328,0.09985733032226562,0.08984375,0.111328125,0.007944305427372456,64,0.7402330878109802,0.32413449883461,0.6680053075154623,8519680,3.0073611736297607,1.6728250901914612,random,0.3091626763343811,,,final-random-32k,,,32768,,18944,0.24703466892242432,1.2514950945264556,1048576,1,55.351351351351354,709,,0.6393949389457703,1.0002440810349036,0.6732746760050455,4196352,1.6597327637859258,0.7811306317647299,0.16934794226413996,8519680,0.7812129259109497,1.4305623071884557,final_random_32k,,0.986328125,False,1,0.09986114501953125,0.09999999921808483,,3.489665687084198e-06
1.03643339,64,,1.1274453004201253,4195328,0.14903640747070312,0.138671875,0.16015625,0.008538317866623402,64,0.9490426783914312,0.9974988698959351,0.8081599871317545,8519680,0.05541818216443062,1.3950768639530746,smooth,0.27350399891535443,,,final-smooth-32k,,,32768,,18944,0.2479893366495768,1.102886126518542,1048576,2,55.351351351351354,743,,0.9999638795852661,1.0002440810349036,0.806821346282959,4196352,1.3973915112859703,0.9245973428090414,0.14407711038817372,8519680,0.0028239621315151453,1.2193905911462029,final_smooth_32k,,0.990234375,False,1,0.14904022216796875,0.1499999998819726,,0.00030422210693359375
1.03643339,64,,1.1163733005523682,4195328,0.15100479125976562,0.138671875,0.162109375,0.00943832192569971,64,0.9474962360627495,0.9972681403160095,0.7961493333180746,8519680,0.057016003876924515,1.4022159585309342,smooth,0.27666133642196655,,,final-smooth-32k,,,32768,,18944,0.2458453377087911,1.1253470942356354,1048576,1,55.351351351351354,739,,0.9999593496322632,1.0002440810349036,0.8001279830932617,4196352,1.3952434162301324,0.9124159812927246,0.14603623102978802,8519680,0.0029935548081994057,1.2235354525144044,final_smooth_32k,,0.9921875,False,1,0.15099716186523438,0.1499999998819726,,0.0002490878105163574
1.28155157,64,,1.1265119711558025,4195328,0.09861373901367188,0.087890625,0.109375,0.007980425842106342,64,0.9520796975865892,0.9954418540000916,0.6746400197347006,8519680,0.0861499235033989,1.6697971335865884,smooth,0.30056534210840863,,,final-smooth-32k,,,32768,,18944,0.24109333753585815,1.2466762672929736,1048576,2,55.351351351351354,743,,0.9999280571937561,1.0002440810349036,0.6737546920776367,4196352,1.6719912816963278,0.7878986994425455,0.16788016778545622,8519680,0.004128330387175083,1.429767522084797,final_smooth_32k,,0.998046875,False,1,0.09860992431640625,0.09999999921808483,,0.00030422210693359375
1.03643339,64,,1.1230679750442505,4195328,0.14822769165039062,0.13671875,0.16015625,0.008847820572555065,64,0.9483208268245671,0.9964855909347534,0.8018959760665894,8519680,0.05260847508907318,1.4005157882859747,smooth,0.2925199866294861,,,final-smooth-32k,,,32768,,18944,0.24005599319934845,1.2185489840554418,1048576,0,55.351351351351354,733,,0.999964714050293,1.0002440810349036,0.8166639804840088,4196352,1.3751897988431503,0.920527994632721,0.1479394112289203,8519680,0.002718762494623661,1.2200258781834663,final_smooth_32k,,0.990234375,False,1,0.1482086181640625,0.1499999998819726,,0.0002493858337402344
1.28155157,64,,1.1180213292439778,4195328,0.10103607177734375,0.08984375,0.111328125,0.008085628971457481,64,0.9504346765729353,0.9951554536819458,0.6652373472849528,8519680,0.0885641872882843,1.6806352406505465,smooth,0.30100266138712567,,,final-smooth-32k,,,32768,,18944,0.24369599421819052,1.2351563773248824,1048576,1,55.351351351351354,739,,0.9999207258224487,1.0002440810349036,0.6715839703877767,4196352,1.6647528507841325,0.7809546788533529,0.17394894024017105,8519680,0.0043897125869989395,1.431608465276791,final_smooth_32k,,0.994140625,False,1,0.10103225708007812,0.09999999921808483,,0.0002490878105163574
1.03643339,64,,1.127018690109253,4195328,0.15143585205078125,0.138671875,0.1640625,0.009297947399318218,64,0.9435871442606704,0.9974740743637085,0.8132639726003011,8519680,0.050722409039735794,1.3857968975384016,smooth,0.2746293346087138,,,final-smooth-32k,,,32768,,18944,0.2448479930559794,1.121631961042562,1048576,3,55.351351351351354,751,,0.9999648332595825,1.0002440810349036,0.8174933592478434,4196352,1.3786273336167485,0.9307999610900879,0.14452378618713602,8519680,0.0028613959439098835,1.210806550517436,final_smooth_32k,,0.98828125,False,1,0.15142822265625,0.1499999998819726,,0.0002677440643310547
1.28155157,64,,1.1252360343933105,4195328,0.09885406494140625,0.08984375,0.10917967557907104,0.007317822426557541,64,0.9517955807468875,0.9943555593490601,0.661620020866394,8519680,0.0816618800163269,1.700728513202804,smooth,0.28365200757980347,,,final-smooth-32k,,,32768,,18944,0.23741599917411804,1.1947468096780474,1048576,0,55.351351351351354,733,,0.9999353885650635,1.0002440810349036,0.6787400245666504,4196352,1.6578306769395703,0.7800520062446594,0.17900302536670254,8519680,0.003936463501304388,1.4425141213474244,final_smooth_32k,,0.994140625,False,1,0.09885025024414062,0.09999999921808483,,0.0002493858337402344
1.28155157,64,,1.1291999816894531,4195328,0.1013031005859375,0.08984375,0.111328125,0.008297624997794628,64,0.9468297980462057,0.9954501986503601,0.8785653114318848,8519680,0.07983943074941635,1.2852772207100736,smooth,0.30009599526723224,,,final-smooth-32k,,,32768,,18944,0.2480586568514506,1.2097783607969146,1048576,3,55.351351351351354,751,,0.9999310970306396,1.0002440810349036,0.686896006266276,4196352,1.6439169414121146,0.8009066581726074,-0.08839257850131754,8519680,0.004245078656822443,1.409902103031454,final_smooth_32k,,0.99609375,False,1,0.1013031005859375,0.09999999921808483,,0.0002677440643310547
1.03643339,64,,1.124901294708252,4195328,0.15602874755859375,0.142578125,0.169921875,0.010395858436822891,64,0.918398206097823,0.9997878074645996,0.8342666625976562,8519680,0.01627390645444393,1.3483713842833496,temporal,0.2770933310190837,,,final-temporal-32k,,,32768,,18944,0.24944533904393515,1.1108378776733883,1048576,3,55.351351351351354,773,,0.9999938011169434,1.0002440810349036,0.8252159754435221,4196352,1.363159861397085,0.9413973490397135,0.12841300179547432,8519680,0.0013279799604788423,1.194927196104519,final_temporal_32k,,0.9921875,False,1,0.156036376953125,0.1499999998819726,,0.00046062469482421875
1.03643339,64,,1.1102879842122395,4195328,0.15560531616210938,0.142578125,0.16796875,0.009838297963142395,64,0.9263927349771931,0.9995752573013306,0.8016853332519531,8519680,0.023293964564800262,1.384942368483245,temporal,0.2797866662343343,,,final-temporal-32k,,,32768,,18944,0.25305600961049396,1.105631384391876,1048576,1,55.351351351351354,761,,0.9999889135360718,1.0002440810349036,0.8060959974924723,4196352,1.3773644673413825,1.027733325958252,0.2819659825749321,8519680,0.0017146050231531262,1.0803269254473324,final_temporal_32k,,0.9921875,False,1,0.15560531616210938,0.1499999998819726,,0.00042629241943359375
1.28155157,64,,1.1275146802266438,4195328,0.10321807861328125,0.09375,0.11328125,0.008086233399808407,64,0.9223029297672588,0.9995281100273132,0.6729013125101725,8519680,0.027814362198114395,1.6756018442297194,temporal,0.2975253264109294,,,final-temporal-32k,,,32768,,18944,0.49372267723083496,0.6026162866969639,1048576,3,55.351351351351354,773,,0.9999842643737793,1.0002440810349036,0.676256020863851,4196352,1.6672896734972564,0.7880746523539225,0.1711593330292529,8519680,0.0021610944531857967,1.4307206517286635,final_temporal_32k,,0.99609375,False,1,0.10321807861328125,0.09999999921808483,,0.00046062469482421875
1.03643339,64,,1.1333680152893066,4195328,0.156951904296875,0.14472657442092896,0.16796875,0.00901911873370409,64,0.9230868055473093,0.9994041919708252,0.8604400157928467,8519680,0.022744426503777504,1.3171958468772194,temporal,0.9100239872932434,,,final-temporal-32k,,,32768,,18944,0.41710400581359863,2.1817675558357688,1048576,0,55.351351351351354,757,,0.9999854564666748,1.0002440810349036,0.834007978439331,4196352,1.3589414545052247,0.9312719702720642,0.08232061872895335,8519680,0.001749346498399973,1.2170107674970627,final_temporal_32k,,0.9921875,False,1,0.156951904296875,0.1499999998819726,,0.0004520416259765625
1.28155157,64,,1.1043519973754883,4195328,0.10278701782226562,0.091796875,0.115234375,0.008982645347714424,64,0.9301877527533408,0.9990805983543396,0.6671199798583984,8519680,0.03833847865462303,1.6554023724636397,temporal,0.30373867352803546,,,final-temporal-32k,,,32768,,18944,0.2579786578814189,1.1773790747746675,1048576,1,55.351351351351354,761,,0.99997478723526,1.0002440810349036,0.6693759759267172,4196352,1.6498231742580376,0.7764000097910563,0.16380865995926763,8519680,0.002676495350897312,1.4224008029993327,final_temporal_32k,,0.998046875,False,1,0.102783203125,0.09999999921808483,,0.00042629241943359375
1.03643339,64,,1.1334986686706543,4195328,0.15863418579101562,0.14453125,0.173828125,0.010746369138360023,64,0.9249708305706394,0.9998269081115723,0.8792586326599121,8519680,0.01452087052166462,1.2891527322758507,temporal,0.4519306818644206,,,final-temporal-32k,,,32768,,18944,0.41071466604868573,1.1003519455788051,1048576,2,55.351351351351354,769,,0.9999951720237732,1.0002440810349036,0.840768019358317,4196352,1.3481705328608389,0.999941349029541,0.13725508273321396,8519680,0.0010894888546317816,1.1335651533669777,final_temporal_32k,,0.9921875,False,1,0.15864181518554688,0.1499999998819726,,0.000560760498046875
1.28155157,64,,1.129431962966919,4195328,0.10456085205078125,0.09375,0.11328125,0.007852151989936829,64,0.927347622329634,0.9988445043563843,0.6689879894256592,8519680,0.03862994164228439,1.6882694171184762,temporal,0.29604798555374146,,,final-temporal-32k,,,32768,,18944,0.24392400681972504,1.2136894166900893,1048576,0,55.351351351351354,757,,0.9999663233757019,1.0002440810349036,0.6813079714775085,4196352,1.6577407138178537,0.7853999733924866,0.17401206868716668,8519680,0.002806557109579444,1.4380341243053618,final_temporal_32k,,0.994140625,False,1,0.10455703735351562,0.09999999921808483,,0.0004520416259765625
1.28155157,64,,1.1157013575236003,4195328,0.10337066650390625,0.09375,0.11328125,0.007847317494452,64,0.9285337822478195,0.9995454549789429,0.6806080341339111,8519680,0.024311112239956856,1.6392715066071106,temporal,0.29955732822418213,,,final-temporal-32k,,,32768,,18944,0.248581329981486,1.2050676864851144,1048576,2,55.351351351351354,769,,0.9999867677688599,1.0002440810349036,0.6843626499176025,4196352,1.6302779785804078,0.7946560382843018,0.16756781940653886,8519680,0.0017374232411384583,1.4040053856917138,final_temporal_32k,,0.99609375,False,1,0.10337066650390625,0.09999999921808483,,0.000560760498046875
1.03643339,64,,3.3290960788726807,8389632,0.1499795913696289,0.1416015625,0.158203125,0.006439396645873785,64,0.6782854260438959,0.40256690979003906,2.8147759437561035,17039360,2.3233399391174316,1.1827215186549649,random,0.2881599962711334,,,final-random-64k,,,65536,,20992,0.3530159890651703,0.8162802966353351,4194304,3,199.8048780487805,811,,0.6814510822296143,1.0003661662394727,3.1292479038238525,8392704,1.063864602994419,3.3000640869140625,0.1724073790791245,17039360,0.7474523186683655,1.0087974024728006,final_random_64k,,0.958984375,False,1,0.14998149871826172,0.1499999998819726,,2.6290363166481256e-06
1.03643339,64,,3.377511978149414,8389632,0.1495494842529297,0.1416015625,0.1572265625,0.006354131270200014,64,0.6779512779053996,0.38985222578048706,2.8172481060028076,17039360,2.4055752754211426,1.198869198262245,random,0.27687200903892517,,,final-random-64k,,,65536,,20992,0.31944000720977783,0.8667418068805075,4194304,0,199.8048780487805,787,,0.6519755125045776,1.0003661662394727,3.1348400115966797,8392704,1.0774112763825332,3.2942159175872803,0.16930273573285248,17039360,0.7747124433517456,1.0252855497775448,final_random_64k,,0.9580078125,False,2,0.1495494842529297,0.1499999998819726,,3.1319214031100273e-06
1.03643339,64,,3.294447898864746,8389632,0.15040016174316406,0.14189453423023224,0.1591796875,0.006474899593740702,64,0.6795176990347721,0.39217624068260193,2.742255926132202,17039360,2.3918728828430176,1.201364127786344,random,0.2881520092487335,,,final-random-64k,,,65536,,20992,0.31807199120521545,0.905933301944911,4194304,1,199.8048780487805,797,,0.6634838581085205,1.0003661662394727,3.0600318908691406,8392704,1.0766057401869182,3.1984078884124756,0.16634186398628747,17039360,0.7665529251098633,1.0300274429663003,final_random_64k,,0.9619140625,False,1,0.1503915786743164,0.1499999998819726,,2.5494955480098724e-06
1.03643339,64,,3.3208320140838623,8389632,0.15005779266357422,0.1416015625,0.158203125,0.006792616099119186,64,0.6780093394176967,0.382282018661499,2.8065199851989746,17039360,2.439373254776001,1.1832561434079452,random,0.2855440080165863,,,final-random-64k,,,65536,,20992,0.31727200746536255,0.8999974825946784,4194304,2,199.8048780487805,809,,0.6398515701293945,1.0003661662394727,3.127664089202881,8392704,1.0617610841099667,3.267911911010742,0.16440001433984297,17039360,0.7854554057121277,1.0161938584986987,final_random_64k,,0.9658203125,False,1,0.15006065368652344,0.1499999998819726,,2.270855475217104e-06
1.28155157,64,,3.2947120666503906,8389632,0.10002517700195312,0.0927734375,0.107421875,0.00573457358404994,64,0.7409878944004002,0.32086431980133057,2.2379119396209717,17039360,3.019582748413086,1.472225965785055,random,0.2783760130405426,,,final-random-64k,,,65536,,20992,0.3043839931488037,0.9145553619978084,4194304,1,199.8048780487805,797,,0.6409448385238647,1.0003661662394727,2.5513761043548584,8392704,1.2913470738503652,2.6930480003356934,0.20337532172593287,17039360,0.7821084856987,1.2234137921937147,final_random_64k,,0.97265625,False,1,0.10002708435058594,0.09999999921808483,,2.5494955480098724e-06
1.28155157,64,,3.3166561126708984,8389632,0.10007762908935547,0.0927734375,0.107421875,0.005620503798127174,64,0.7395825006833496,0.3306460976600647,2.275815963745117,17039360,2.928989887237549,1.4573481184361494,random,0.281792014837265,,,final-random-64k,,,65536,,20992,0.31272000074386597,0.9011000708843929,4194304,3,199.8048780487805,811,,0.6608009338378906,1.0003661662394727,2.603584051132202,8392704,1.2738809454715347,2.7390880584716797,0.20356307456609768,17039360,0.7627602219581604,1.2108614406947846,final_random_64k,,0.970703125,False,1,0.10008716583251953,0.09999999921808483,,2.6290363166481256e-06
1.28155157,64,,3.3213438987731934,8389632,0.10016822814941406,0.0927734375,0.107421875,0.005664333235472441,64,0.7398314645623549,0.31329697370529175,2.2915360927581787,17039360,3.0797061920166016,1.4493962845575343,random,0.2808240056037903,,,final-random-64k,,,65536,,20992,0.30509600043296814,0.9204447295450188,4194304,2,199.8048780487805,809,,0.6154663562774658,1.0003661662394727,2.613368034362793,8392704,1.2709055345827032,2.745327949523926,0.19802954803978068,17039360,0.8012426495552063,1.20981680871648,final_random_64k,,0.966796875,False,1,0.10016250610351562,0.09999999921808483,,2.270855475217104e-06
1.28155157,64,,3.357032060623169,8389632,0.09978199005126953,0.0927734375,0.107421875,0.005660743918269873,64,0.7394752693758535,0.3192734718322754,2.3002560138702393,17039360,3.034245729446411,1.4594167085666596,random,0.27247199416160583,,,final-random-64k,,,65536,,20992,0.30320000648498535,0.8986543150852433,4194304,0,199.8048780487805,787,,0.6285606622695923,1.0003661662394727,2.6203439235687256,8392704,1.281141773195606,2.7502799034118652,0.19564078382060157,17039360,0.7904960513114929,1.2206146932385304,final_random_64k,,0.9736328125,False,1,0.09978103637695312,0.09999999921808483,,3.1319214031100273e-06
0.67448975,64,,1.1295616149902343,4195328,0.2504768371582031,0.23652344942092896,0.265625,0.010566129349172115,64,0.5808800811102499,0.5039174556732178,1.1965632438659668,8519680,1.7215702533721924,0.9440049414694893,random,0.2800512075424194,,,sparsity-calibration-32k,,,32768,,18944,0.2886143922805786,0.9703300148322664,1048576,2,55.351351351351354,211,,0.7123994827270508,,,,,1.5927424430847168,0.33109758405977585,8519680,0.7215443849563599,0.7091928892172767,density_calibration,,0.96875,False,1,0.2504692077636719,0.2500000000623102,,2.463872078806162e-06
0.67448975,64,,1.1299519538879395,4195328,0.25098419189453125,0.236328125,0.263671875,0.010744265280663967,64,0.5805293467455002,0.48401451110839844,1.233465576171875,8519680,1.822662353515625,0.9160790343211722,random,0.2797951936721802,,,sparsity-calibration-32k,,,32768,,18944,0.2924544095993042,0.9567138825348246,1048576,3,55.351351351351354,223,,0.6719281673431396,,,,,1.635660743713379,0.32606922747673095,8519680,0.7645533680915833,0.6908229339310621,density_calibration,,0.984375,False,1,0.25099945068359375,0.2500000000623102,,3.276974894106388e-06
0.67448975,64,,1.1309696197509767,4195328,0.2504310607910156,0.236328125,0.263671875,0.011063389480113983,64,0.5799750149776443,0.5074323415756226,1.212063980102539,8519680,1.712012767791748,0.933093993648172,random,0.28071041107177735,,,sparsity-calibration-32k,,,32768,,18944,0.28695681095123293,0.9782322647831588,1048576,0,55.351351351351354,201,,0.7160046100616455,,,,,1.6056896209716798,0.324756487554263,8519680,0.7190881371498108,0.7043513297835061,density_calibration,,0.97265625,False,1,0.2504310607910156,0.2500000000623102,,3.876455593854189e-06
1.03643339,64,,1.1308095932006836,4195328,0.15004730224609375,0.138671875,0.162109375,0.009136609733104706,64,0.679985287995619,0.39484652876853943,0.9287232398986817,8519680,2.3744616508483887,1.2175958828423938,random,0.2749567985534668,,,sparsity-calibration-32k,,,32768,,18944,0.28241279125213625,0.9735989553957107,1048576,2,55.351351351351354,211,,0.6681280136108398,,,,,1.3770496368408203,0.4827341210833147,8519680,0.7598626613616943,0.8211828847324254,density_calibration,,0.984375,False,1,0.1500396728515625,0.1499999998819726,,2.463872078806162e-06
1.03643339,64,,1.1281279563903808,4195328,0.15116500854492188,0.138671875,0.162109375,0.009451787918806076,64,0.6790471767650783,0.3751673698425293,0.9323007583618164,8519680,2.506134033203125,1.210047236658544,random,0.2680448055267334,,,sparsity-calibration-32k,,,32768,,18944,0.26927359104156495,0.9954366653258547,1048576,3,55.351351351351354,223,,0.6189496517181396,,,,,1.386796760559082,0.48749933765567155,8519680,0.8043507933616638,0.8134774961080671,density_calibration,,0.978515625,False,1,0.15118408203125,0.1499999998819726,,3.276974894106388e-06
0.67448975,64,,1.112217617034912,4195328,0.2502288818359375,0.236328125,0.263671875,0.010784748010337353,64,0.5793899415112902,0.49903902411460876,1.187001609802246,8519680,1.7501059770584106,0.936997564156806,random,0.2833472013473511,,,sparsity-calibration-32k,,,32768,,18944,0.2842816114425659,0.9967130828811852,1048576,1,55.351351351351354,203,,0.6999378800392151,,,,,1.5773183822631835,0.3288258155993269,8519680,0.7361121773719788,0.7051319692597946,density_calibration,,0.978515625,False,1,0.2502174377441406,0.2500000000623102,,3.803907020483166e-06
1.28155157,64,,1.1267711639404296,4195328,0.10018157958984375,0.08984375,0.109375,0.00803814921528101,64,0.7417636487901502,0.3227366805076599,0.7960063934326171,8519680,3.001431941986084,1.415530293772461,random,0.27652480602264407,,,sparsity-calibration-32k,,,32768,,18944,0.5202303886413574,0.5315429703074843,1048576,2,55.351351351351354,211,,0.6466254591941833,,,,,1.2668736457824707,0.5915370231127586,8519680,0.7750788331031799,0.8894108482653703,density_calibration,,0.986328125,False,1,0.10017776489257812,0.09999999921808483,,2.463872078806162e-06
1.03643339,64,,1.1274751663208007,4195328,0.15035629272460938,0.138671875,0.162109375,0.009204313158988953,64,0.6792742508826215,0.394814133644104,0.9430463790893555,8519680,2.3608970642089844,1.195567038186963,random,0.2801471948623657,,,sparsity-calibration-32k,,,32768,,18944,0.5830527782440186,0.480483423312184,1048576,0,55.351351351351354,201,,0.6724058389663696,,,,,1.3849727630615234,0.46861574761456604,8519680,0.7572004795074463,0.8140775012993637,density_calibration,,0.974609375,False,2,0.15036392211914062,0.1499999998819726,,3.876455593854189e-06
1.28155157,64,,1.127571201324463,4195328,0.10081863403320312,0.091796875,0.109375,0.0078679658472538,64,0.7410578050041816,0.30681508779525757,0.7861631870269775,8519680,3.167269229888916,1.4342711792300826,random,0.2689023971557617,,,sparsity-calibration-32k,,,32768,,18944,0.2628159999847412,1.0231583966401356,1048576,3,55.351351351351354,223,,0.5924264192581177,,,,,1.2737088203430176,0.6201583098285035,8519680,0.8201396465301514,0.8852660696977832,density_calibration,,0.98046875,False,1,0.10081100463867188,0.09999999921808483,,3.276974894106388e-06
1.03643339,64,,1.115392017364502,4195328,0.15049362182617188,0.138671875,0.162109375,0.009490751661360264,64,0.6784301461756512,0.38654088973999023,0.9218239784240723,8519680,2.408771276473999,1.2099837316787407,random,0.27451519966125487,,,sparsity-calibration-32k,,,32768,,18944,0.2773888111114502,0.9896404925682429,1048576,1,55.351351351351354,203,,0.6533124446868896,,,,,1.3555328369140625,0.4704898859665685,8519680,0.7745882272720337,0.8228439673241315,density_calibration,,0.986328125,False,1,0.150482177734375,0.1499999998819726,,3.803907020483166e-06
1.64485363,64,,1.1272831916809083,4195328,0.050048828125,0.04296875,0.05859375,0.006153360940515995,64,0.8199229083384765,0.22850915789604187,0.6525248050689697,8519680,4.370645046234131,1.727571401001006,random,0.268723201751709,,,sparsity-calibration-32k,,,32768,,18944,0.24547839164733887,1.0946918787775188,1048576,2,55.351351351351354,211,,0.6273056864738464,,,,,1.1626432418823243,0.7817609887787127,8519680,0.7870530486106873,0.9695865000305959,density_calibration,,0.990234375,False,1,0.050037384033203125,0.049999999685588194,,2.463872078806162e-06
1.28155157,64,,1.1295999526977538,4195328,0.1000823974609375,0.08984375,0.11113280057907104,0.007990697398781776,64,0.7414688304728481,0.32266339659690857,0.8077504158020019,8519680,2.986978054046631,1.398451713053212,random,0.28279039859771726,,,sparsity-calibration-32k,,,32768,,18944,0.2614464044570923,1.0816381245898063,1048576,0,55.351351351351354,201,,0.6511973142623901,,,,,1.2768832206726075,0.5807893078022268,8519680,0.7722269296646118,0.8846540814458576,density_calibration,,0.984375,False,1,0.10005950927734375,0.09999999921808483,,3.876455593854189e-06
1.64485363,64,,1.1278400421142578,4195328,0.049770355224609375,0.041015625,0.05859375,0.006792114116251469,64,0.8213626706678848,0.21644386649131775,0.6669824123382568,8519680,4.662365436553955,1.6909591936020636,random,0.2665663957595825,,,sparsity-calibration-32k,,,32768,,18944,0.2389375925064087,1.1156318809583419,1048576,3,55.351351351351354,223,,0.566814124584198,,,,,1.1785728454589843,0.7670223736893333,8519680,0.8328725099563599,0.9569540367910232,density_calibration,,0.98828125,False,1,0.049762725830078125,0.049999999685588194,,3.276974894106388e-06
1.28155157,64,,1.1156031608581543,4195328,0.1005401611328125,0.08984375,0.111328125,0.008059284649789333,64,0.7401880568535187,0.31708112359046936,0.785753583908081,8519680,3.0409843921661377,1.4197875564365987,random,0.27572479248046877,,,sparsity-calibration-32k,,,32768,,18944,0.2709759950637817,1.0175247900300883,1048576,1,55.351351351351354,203,,0.6303918361663818,,,,,1.2537599563598634,0.5956146838351941,8519680,0.7900840640068054,0.8898060232336418,density_calibration,,0.986328125,False,1,0.10054397583007812,0.09999999921808483,,3.803907020483166e-06
1.64485363,64,,1.1245951652526855,4195328,0.05008697509765625,0.041015625,0.05859375,0.006652162875980139,64,0.8202701705537709,0.22847935557365417,0.6646592140197753,8519680,4.361894130706787,1.691987625434808,random,0.2770047903060913,,,sparsity-calibration-32k,,,32768,,18944,0.2472127914428711,1.1205115588450645,1048576,0,55.351351351351354,201,,0.631998598575592,,,,,1.160921573638916,0.7466418115500248,8519680,0.7839624881744385,0.9687089901582541,density_calibration,,0.982421875,False,1,0.050083160400390625,0.049999999685588194,,3.876455593854189e-06
1.64485363,64,,1.1139840126037597,4195328,0.049808502197265625,0.041015625,0.05859375,0.006921504158526659,64,0.8203503527880177,0.2247541844844818,0.6559360027313232,8519680,4.4663777351379395,1.698312042585131,random,0.2784960031509399,,,sparsity-calibration-32k,,,32768,,18944,0.25173120498657225,1.10632292554193,1048576,1,55.351351351351354,203,,0.6089147329330444,,,,,1.1462400436401368,0.7474876190164639,8519680,0.8023831844329834,0.971859270477115,density_calibration,,0.9921875,False,1,0.049808502197265625,0.049999999685588194,,3.803907020483166e-06
1.03643339,64,,0.3225640058517456,2098176,0.150543212890625,0.1328125,0.16796875,0.013191750273108482,64,0.6797638584730655,0.4010195732116699,0.38370001316070557,4259840,2.318058967590332,0.8406671743236186,random,0.2948319911956787,,,long-sequence-scaling,,,16384,,17920,0.24423600733280182,1.2071602152991865,262144,0,14.628571428571428,101,,0.6878790855407715,,,,,0.38778799772262573,0.010654116293209448,4259840,0.7423262596130371,0.8318050268344481,c32_scaling,,0.9921875,False,1,0.150543212890625,0.1499999998819726,,3.914115950465202e-06
1.03643339,64,,1.118069330851237,4195328,0.15062332153320312,0.13886719942092896,0.1640625,0.009298093616962433,64,0.6784533396433633,0.39770644903182983,0.7947413126627604,8519680,2.31742262840271,1.4068342906513498,random,0.2727893392244975,,,long-sequence-scaling,,,32768,,18944,0.24943999449412027,1.093607060799256,1048576,1,55.351351351351354,103,,0.6840584874153137,,,,,0.914959987004598,0.15126767971712463,8519680,0.7451595067977905,1.2219871324773226,c32_scaling,,0.974609375,False,1,0.1506195068359375,0.1499999998819726,,3.794790245592594e-06
1.28155157,64,,0.32188400626182556,2098176,0.1008758544921875,0.0859375,0.11328125,0.010959411971271038,64,0.7418539503851835,0.3265054225921631,0.3337959945201874,4259840,2.934556007385254,0.9643135674066892,random,0.2682119905948639,,,long-sequence-scaling,,,16384,,17920,0.255511999130249,1.049704090249558,262144,0,14.628571428571428,101,,0.6679136753082275,,,,,0.3495599925518036,0.04722644456616698,4259840,0.7575440406799316,0.92082621901911,c32_scaling,,0.9921875,False,1,0.1009063720703125,0.09999999921808483,,3.914115950465202e-06
1.28155157,64,,1.1176746686299641,4195328,0.09967803955078125,0.087890625,0.111328125,0.008493044413626194,64,0.7413035715416372,0.32462257146835327,0.6624586582183838,8519680,2.937077045440674,1.6871613870001159,random,0.2728053331375122,,,long-sequence-scaling,,,32768,,18944,0.23666665951410928,1.1526986255588252,1048576,1,55.351351351351354,103,,0.6641345620155334,,,,,0.7776479721069336,0.17388151314731082,8519680,0.7598113417625427,1.4372501552364028,c32_scaling,,0.982421875,False,1,0.09968185424804688,0.09999999921808483,,3.794790245592594e-06
1.03643339,64,,3.3510398864746094,8389632,0.1501750946044922,0.1416015625,0.1591796875,0.006678409408777952,64,0.6786852799611041,0.38189995288848877,2.9000959396362305,17039360,2.4587223529815674,1.1554927685926633,random,0.29339200258255005,,,long-sequence-scaling,,,65536,,20992,0.33024001121520996,0.8884205202844215,4194304,2,199.8048780487805,107,,0.6342803239822388,,,,,3.3045599460601807,0.1394657331490501,17039360,0.790023684501648,1.0140653948401945,c32_scaling,,0.9677734375,False,2,0.15017127990722656,0.1499999998819726,,2.8762733563780785e-06
1.28155157,64,,3.351655960083008,8389632,0.10006523132324219,0.0927734375,0.107421875,0.00597044825553894,64,0.7405123165190886,0.31207898259162903,2.321000099182129,17039360,3.1052052974700928,1.4440567931315729,random,0.28545600175857544,,,long-sequence-scaling,,,65536,,20992,0.2889440059661865,0.9879284424124054,4194304,2,199.8048780487805,107,,0.6092909574508667,,,,,2.8209519386291504,0.21540362692065118,17039360,0.805762529373169,1.1881294091496484,c32_scaling,,0.9716796875,False,1,0.10005855560302734,0.09999999921808483,,2.8762733563780785e-06
1.03643339,64,,13.08620834350586,16778240,0.15016913414001465,0.14453125,0.15625,0.004542221315205097,64,0.676785218051989,0.4018542170524597,10.020021438598633,34078720,2.3233489990234375,1.3060060224118695,random,0.30049065748850506,,,long-sequence-scaling,,,131072,,25088,0.35524264971415204,0.8458743839747185,16777216,3,668.734693877551,109,,0.6771695613861084,,,,,11.754282633463541,0.1730795892496071,34078720,0.75094074010849,1.1133140789256188,c32_scaling,,0.9150390625,False,2,0.15017056465148926,0.1499999998819726,,1.6838312149047852e-06
1.28155157,64,,13.127477010091146,16778240,0.09991574287414551,0.0947265625,0.10498046875,0.004019333049654961,64,0.7390521998849966,0.3284033536911011,8.073888142903646,34078720,2.93723201751709,1.6259176220603493,random,0.27880533536275226,,,long-sequence-scaling,,,131072,,25088,0.25625600417455036,1.0879953281907975,16777216,3,668.734693877551,109,,0.6560205817222595,,,,,9.786890665690104,0.21216574870337546,34078720,0.7664642333984375,1.3413327540392512,c32_scaling,,0.9404296875,False,2,0.09991788864135742,0.09999999921808483,,1.6838312149047852e-06
1.03643339,64,,0.31950798630714417,2098176,0.150543212890625,0.1328125,0.16796875,0.013191750273108482,64,0.6797638327598954,0.4010195732116699,0.3920519948005676,4259840,2.318058967590332,0.814963297074089,random,0.294871985912323,,,long-sequence-scaling,,,16384,,17920,0.24628399312496185,1.197284412075892,262144,0,14.628571428571428,101,,0.6878789067268372,1.0,0.3117760121822357,2098176,1.0247997723455038,0.5639200210571289,0.43838069576457217,4259840,0.7423263192176819,0.5665838671735612,memory_profile,,0.9921875,False,1,0.150543212890625,0.1499999998819726,,3.914115950465202e-06
1.03643339,64,,1.1161920229593914,4195328,0.15062332153320312,0.13886719942092896,0.1640625,0.009298093616962433,64,0.6784531853219787,0.39770644903182983,0.7945866584777832,8519680,2.31742262840271,1.4047454875440755,random,0.27128533522288006,,,long-sequence-scaling,,,32768,,18944,0.24480533599853516,1.1081675737023287,1048576,1,55.351351351351354,103,,0.6840582489967346,1.0002440810349036,0.8724213441212972,4196352,1.2794185177617587,0.9852000077565511,0.23988994434405986,8519680,0.7451598644256592,1.1329598195001325,memory_profile,,0.974609375,False,1,0.1506195068359375,0.1499999998819726,,3.794790245592594e-06
1.28155157,64,,0.3212519884109497,2098176,0.1008758544921875,0.0859375,0.11328125,0.010959411971271038,64,0.7418533004236125,0.3265054225921631,0.6159520149230957,4259840,2.934556007385254,0.5215535961044943,random,0.2868320047855377,,,long-sequence-scaling,,,16384,,17920,0.23626400530338287,1.2140317540846786,262144,0,14.628571428571428,101,,0.6679120063781738,1.0,0.26388800144195557,2098176,1.2173800500801164,0.36427199840545654,-0.4086032847040244,4259840,0.7575459480285645,0.8819014083354741,memory_profile,,0.9921875,False,1,0.1009063720703125,0.09999999921808483,,3.914115950465202e-06
1.28155157,64,,1.119322697321574,4195328,0.09967803955078125,0.087890625,0.111328125,0.008493044413626194,64,0.7413039571250705,0.32462257146835327,0.6719040075937907,8519680,2.937077045440674,1.6658967421999316,random,0.2985653281211853,,,long-sequence-scaling,,,32768,,18944,0.2448213299115499,1.219523348839957,1048576,1,55.351351351351354,103,,0.6641353368759155,1.0002440810349036,0.7447413603464762,4196352,1.5029683550821338,0.8551519711812338,0.272729380263242,8519680,0.759810209274292,1.3089167014085665,memory_profile,,0.982421875,False,1,0.09968185424804688,0.09999999921808483,,3.794790245592594e-06
1.03643339,64,,3.3536078929901123,8389632,0.1501750946044922,0.1416015625,0.1591796875,0.006678409408777952,64,0.678685304203225,0.38189995288848877,2.819080114364624,17039360,2.4587223529815674,1.18961070879178,random,0.2816559970378876,,,long-sequence-scaling,,,65536,,20992,0.32598400115966797,0.8640178537471586,4194304,2,199.8048780487805,107,,0.6342803239822388,1.0003661662394727,3.468440055847168,8392704,0.9668922740459449,3.59496808052063,0.2752273559741947,17039360,0.7900236248970032,0.9328616604864087,memory_profile,,0.9677734375,False,2,0.15017127990722656,0.1499999998819726,,2.8762733563780785e-06
1.28155157,64,,3.361743927001953,8389632,0.10006523132324219,0.0927734375,0.107421875,0.00597044825553894,64,0.7405126620304165,0.31207898259162903,2.284872055053711,17039360,3.1052052974700928,1.4713051085580053,random,0.29016000032424927,,,long-sequence-scaling,,,65536,,20992,0.767911970615387,0.3778558108577494,4194304,2,199.8048780487805,107,,0.6092921495437622,1.0003661662394727,2.939728021621704,8392704,1.1435561052846799,3.0742640495300293,0.345486300963912,17039360,0.805761456489563,1.093511771546062,memory_profile,,0.9716796875,False,1,0.10005855560302734,0.09999999921808483,,2.8762733563780785e-06
1.03643339,64,,13.07598876953125,16778240,0.15016913414001465,0.14453125,0.15625,0.004542221315205097,64,0.6767847055074929,0.4018554091453552,10.030890782674154,34078720,2.3233449459075928,1.3035720408915965,random,0.30524800221125287,,,long-sequence-scaling,,,131072,,25088,0.3568640152613322,0.8553622364746392,16777216,3,668.734693877551,109,,0.677169680595398,1.0004272200183095,12.663914998372396,16785408,1.0325392085474212,12.839285532633463,0.2799746115080932,34078720,0.7509406208992004,1.0184358573766554,memory_profile,,0.91455078125,False,2,0.15017080307006836,0.1499999998819726,,1.6838312149047852e-06
1.28155157,64,,12.934336344401041,16778240,0.09991574287414551,0.0947265625,0.10498046875,0.004019333049654961,64,0.739052240470585,0.3284033536911011,7.989557266235352,34078720,2.93723201751709,1.618905267637646,random,0.279039998849233,,,long-sequence-scaling,,,131072,,25088,0.2602986693382263,1.0719993289195597,16777216,3,668.734693877551,109,,0.6560206413269043,1.0004272200183095,10.712266286214193,16785408,1.2074323022614244,10.903167724609375,0.3646773358377724,34078720,0.766464114189148,1.1862916054393207,memory_profile,,0.9404296875,False,2,0.09991788864135742,0.09999999921808483,,1.6838312149047852e-06
0.67448975,64,,0.32498401403427124,2098176,0.249969482421875,0.23046875,0.271484375,0.016388338059186935,64,0.005566514797514355,0.3862777650356293,0.47887200117111206,4259840,1.1273937225341797,0.6786448429632597,heavy_tail,0.2781359851360321,,,heavy-tail-negative-control,,,16384,,17920,0.2935999929904938,0.9473296722627567,262144,2,14.628571428571428,419,,0.38633960485458374,,,,,0.6201840043067932,0.29509347548007314,4259840,1.1211180686950684,0.5240122476191886,heavy_tail_control,,0.984375,False,1,0.249969482421875,0.2500000000623102,,2.230331301689148e-05
0.67448975,64,,0.32282400131225586,2098176,0.2503509521484375,0.23046875,0.26953125,0.01677822321653366,64,0.005722612272085259,0.3816777467727661,0.4819599986076355,4259840,1.1360958814620972,0.669814927058018,heavy_tail,0.2810800075531006,,,heavy-tail-negative-control,,,16384,,17920,0.2921440005302429,0.9621282896206627,262144,1,14.628571428571428,409,,0.3817249536514282,,,,,0.6214320063591003,0.28938502812348377,4259840,1.1295944452285767,0.5194840272287311,heavy_tail_control,,0.98828125,False,1,0.25030517578125,0.2500000000623102,,1.722760498523712e-05
0.67448975,64,,0.3250240087509155,2098176,0.2503509521484375,0.23046875,0.26953125,0.015450328588485718,64,0.005655642505708047,0.39196792244911194,0.47999200224876404,4259840,1.127501130104065,0.6771446341359377,heavy_tail,0.2820880115032196,,,heavy-tail-negative-control,,,16384,,17920,0.29179999232292175,0.9667169942590186,262144,3,14.628571428571428,421,,0.3920230269432068,,,,,0.6221439838409424,0.2961548961778444,4259840,1.1211243867874146,0.5224257040055399,heavy_tail_control,,0.99609375,False,1,0.2503662109375,0.2500000000623102,,1.3216864317655563e-05
0.67448975,64,,0.32227200269699097,2098176,0.250152587890625,0.228515625,0.2734375,0.016860926523804665,64,0.00545865329139783,0.38581663370132446,0.477400004863739,4259840,1.128771185874939,0.6750565551187517,heavy_tail,0.2881599962711334,,,heavy-tail-negative-control,,,16384,,17920,0.3015199899673462,0.955691184197573,262144,0,14.628571428571428,401,,0.3858441114425659,,,,,0.6255360245704651,0.3102974826089655,4259840,1.1226096153259277,0.515193354240924,heavy_tail_control,,0.984375,False,1,0.250091552734375,0.2500000000623102,,1.6305595636367798e-05
1.03643339,64,,0.32465600967407227,2098176,0.1486663818359375,0.130859375,0.16796875,0.01343465968966484,64,0.011008590253995254,0.2594326138496399,0.38179200887680054,4259840,1.2613329887390137,0.8503478389429431,heavy_tail,0.2786720097064972,,,heavy-tail-negative-control,,,16384,,17920,0.2762880027294159,1.0086287024899017,262144,2,14.628571428571428,419,,0.2595765292644501,,,,,0.5463359951972961,0.43097807836410706,4259840,1.2474474906921387,0.59424239392616,heavy_tail_control,,0.99609375,False,1,0.148651123046875,0.1499999998819726,,2.230331301689148e-05
1.03643339,64,,0.3201119899749756,2098176,0.1503143310546875,0.1328125,0.1640625,0.01321498304605484,64,0.011200981050079606,0.25701582431793213,0.3781200051307678,4259840,1.265668272972107,0.8465883466394989,heavy_tail,0.27191200852394104,,,heavy-tail-negative-control,,,16384,,17920,0.2807359993457794,0.9685683672831358,262144,1,14.628571428571428,409,,0.25710251927375793,,,,,0.5441280007362366,0.43903520933270124,4259840,1.2514915466308594,0.5883027330735519,heavy_tail_control,,0.984375,False,1,0.1502838134765625,0.1499999998819726,,1.722760498523712e-05
1.03643339,64,,0.3230400085449219,2098176,0.148681640625,0.1328125,0.166015625,0.013445477932691574,64,0.010824965920442464,0.2605817914009094,0.3872320055961609,4259840,1.2632920742034912,0.8342285861613825,heavy_tail,0.2812719941139221,,,heavy-tail-negative-control,,,16384,,17920,0.2810559868812561,1.000768555884765,262144,0,14.628571428571428,401,,0.26062923669815063,,,,,0.5489599704742432,0.41765133703009627,4259840,1.2496169805526733,0.5884582226748694,heavy_tail_control,,0.984375,False,2,0.1486968994140625,0.1499999998819726,,1.6305595636367798e-05
1.03643339,64,,0.3205519914627075,2098176,0.1506500244140625,0.1328125,0.16796875,0.013898596167564392,64,0.01105136636148929,0.2686402499675751,0.389384001493454,4259840,1.2614127397537231,0.8232284588818588,heavy_tail,0.2832080125808716,,,heavy-tail-negative-control,,,16384,,17920,0.2831119894981384,1.000339169962047,262144,3,14.628571428571428,421,,0.26875102519989014,,,,,0.555512011051178,0.42664313099806894,4259840,1.2474724054336548,0.577038812997287,heavy_tail_control,,1.0,True,0,0.1506500244140625,0.1499999998819726,,1.3216864317655563e-05
1.28155157,64,,0.322735995054245,2098176,0.099395751953125,0.083984375,0.11328125,0.011201863177120686,64,0.01756140364039882,0.18806669116020203,0.35809600353240967,4259840,1.3346571922302246,0.9012555065419366,heavy_tail,0.2715280055999756,,,heavy-tail-negative-control,,,16384,,17920,0.23872800171375275,1.13739487471416,262144,2,14.628571428571428,419,,0.18830466270446777,,,,,0.5085679888725281,0.42020012470342993,4259840,1.3112187385559082,0.6345975407727409,heavy_tail_control,,0.9765625,False,1,0.099395751953125,0.09999999921808483,,2.230331301689148e-05
1.28155157,64,,0.3211759924888611,2098176,0.09991455078125,0.0859375,0.11328125,0.010771105997264385,64,0.01795575071790434,0.1865725964307785,0.38526400923728943,4259840,1.3397886753082275,0.833651690238847,heavy_tail,0.2656559944152832,,,heavy-tail-negative-control,,,16384,,17920,0.24639199674129486,1.078184348228709,262144,1,14.628571428571428,409,,0.18672743439674377,,,,,0.5025920271873474,0.3045392643406617,4259840,1.3157317638397217,0.6390391711668334,heavy_tail_control,,0.984375,False,1,0.09991455078125,0.09999999921808483,,1.722760498523712e-05
1.28155157,64,,0.32254400849342346,2098176,0.09967041015625,0.0859375,0.11328125,0.011299089528620243,64,0.01708021136808291,0.19154784083366394,0.35759198665618896,4259840,1.3394966125488281,0.9019889162212609,heavy_tail,0.27558401226997375,,,heavy-tail-negative-control,,,16384,,17920,0.2521519958972931,1.0929281415730892,262144,0,14.628571428571428,401,,0.19162006676197052,,,,,0.519599974155426,0.4530526229465024,4259840,1.316617727279663,0.620754473703923,heavy_tail_control,,0.99609375,False,1,0.0996856689453125,0.09999999921808483,,1.6305595636367798e-05
1.28155157,64,,0.3246319890022278,2098176,0.100372314453125,0.0859375,0.1171875,0.011586355045437813,64,0.01754065708285346,0.19822627305984497,0.35847198963165283,4259840,1.3380707502365112,0.9055993170785889,heavy_tail,0.26869601011276245,,,heavy-tail-negative-control,,,16384,,17920,0.2484399974346161,1.0815328163230935,262144,3,14.628571428571428,421,,0.19840267300605774,,,,,0.5075200200080872,0.4157871038392382,4259840,1.3146001100540161,0.6396437109949966,heavy_tail_control,,0.98828125,False,1,0.1003875732421875,0.09999999921808483,,1.3216864317655563e-05
1.64485363,64,,0.3223839998245239,2098176,0.050140380859375,0.0390625,0.064453125,0.01005761418491602,64,0.03516385522023724,0.10708414018154144,0.3449679911136627,4259840,1.4244965314865112,0.9345330817035206,heavy_tail,0.27239999175071716,,,heavy-tail-negative-control,,,16384,,17920,0.2797040045261383,0.9738866349525626,262144,2,14.628571428571428,419,,0.1076839417219162,,,,,0.4739759862422943,0.3739709145539971,4259840,1.3744057416915894,0.6801694794295395,heavy_tail_control,,0.98828125,False,1,0.0501251220703125,0.049999999685588194,,2.230331301689148e-05
1.64485363,64,,0.32120001316070557,2098176,0.0493927001953125,0.0390625,0.0625,0.009349828585982323,64,0.0372193418562089,0.10785108804702759,0.3677760064601898,4259840,1.4268118143081665,0.8733577164324179,heavy_tail,0.26761600375175476,,,heavy-tail-negative-control,,,16384,,17920,0.2770799994468689,0.9658438150930887,262144,1,14.628571428571428,409,,0.10819951444864273,,,,,0.4658240079879761,0.26659705855063587,4259840,1.3737068176269531,0.689530826348041,heavy_tail_control,,0.99609375,False,1,0.04937744140625,0.049999999685588194,,1.722760498523712e-05
1.64485363,64,,0.32333600521087646,2098176,0.049468994140625,0.0390625,0.0625,0.009053336456418037,64,0.03423514940225503,0.10676311701536179,0.3352240025997162,4259840,1.4377827644348145,0.9645371533761116,heavy_tail,0.26903998851776123,,,heavy-tail-negative-control,,,16384,,17920,0.276095986366272,0.9744436782969015,262144,0,14.628571428571428,401,,0.10695576667785645,,,,,0.4707599878311157,0.40431467967775614,4259840,1.3885600566864014,0.6868383328424944,heavy_tail_control,,1.0,True,0,0.049468994140625,0.049999999685588194,,1.6305595636367798e-05
1.64485363,64,,0.32104799151420593,2098176,0.0495147705078125,0.03515625,0.05859375,0.00923900492489338,64,0.0356329285199819,0.1136641651391983,0.33957600593566895,4259840,1.43166184425354,0.9454377986147435,heavy_tail,0.2803199887275696,,,heavy-tail-negative-control,,,16384,,17920,0.2756800055503845,1.0168310471697848,262144,3,14.628571428571428,421,,0.11416847258806229,,,,,0.47813600301742554,0.4080382437503729,4259840,1.3806475400924683,0.6714574712804161,heavy_tail_control,,0.9921875,False,1,0.0495452880859375,0.049999999685588194,,1.3216864317655563e-05
0.67448975,64,,1.1293599605560303,4195328,0.2503700256347656,0.236328125,0.263671875,0.011048753745853901,64,0.004458711548293026,0.3954271078109741,1.2184959650039673,8519680,1.1239123344421387,0.9268475177530466,heavy_tail,0.28062400221824646,,,heavy-tail-negative-control,,,32768,,18944,0.24352799355983734,1.1523274926884093,1048576,3,55.351351351351354,421,,0.3954505920410156,,,,,1.6426880359649658,0.34812759594129417,8519680,1.1189011335372925,0.6875072660358236,heavy_tail_control,,0.978515625,False,1,0.2503509521484375,0.2500000000623102,,8.760485798120499e-06
0.67448975,64,,1.1229920387268066,4195328,0.249603271484375,0.23457032442092896,0.263671875,0.011033318005502224,64,0.004480439156725691,0.3939817547798157,1.199288010597229,8519680,1.1227190494537354,0.936382277487767,heavy_tail,0.2781679928302765,,,heavy-tail-negative-control,,,32768,,18944,0.24344000220298767,1.1426552346082037,1048576,1,55.351351351351354,409,,0.39400333166122437,,,,,1.670415997505188,0.3928397371981929,8519680,1.117688775062561,0.6722828567279204,heavy_tail_control,,0.9765625,False,2,0.24959945678710938,0.2500000000623102,,1.1518364772200584e-05
0.67448975,64,,1.1341840028762817,4195328,0.25083160400390625,0.236328125,0.263671875,0.010928251780569553,64,0.004443239859654113,0.39383888244628906,1.2216880321502686,8519680,1.1224600076675415,0.928374489254861,heavy_tail,0.2793999910354614,,,heavy-tail-negative-control,,,32768,,18944,0.2444639950990677,1.1429085535570835,1048576,2,55.351351351351354,419,,0.393867552280426,,,,,1.6277040243148804,0.33234015679926987,8519680,1.1174726486206055,0.6967999009240473,heavy_tail_control,,0.978515625,False,1,0.2508354187011719,0.2500000000623102,,1.676240935921669e-05
0.67448975,64,,1.1367759704589844,4195328,0.249420166015625,0.236328125,0.263671875,0.011308770626783371,64,0.0045654504278842545,0.39087146520614624,1.2311999797821045,8519680,1.1286295652389526,0.9233073335983719,heavy_tail,0.28542399406433105,,,heavy-tail-negative-control,,,32768,,18944,0.25169599056243896,1.1340029431002203,1048576,0,55.351351351351354,401,,0.3908933103084564,,,,,1.6362719535827637,0.3290058320764009,8519680,1.1234768629074097,0.6947353512781979,heavy_tail_control,,0.96484375,False,1,0.24938201904296875,0.2500000000623102,,1.168690505437553e-05
1.03643339,64,,1.1241199970245361,4195328,0.14977645874023438,0.138671875,0.162109375,0.009538048878312111,64,0.008742924608524438,0.27192002534866333,0.9441519975662231,8519680,1.2581781148910522,1.190613375729992,heavy_tail,0.27398398518562317,,,heavy-tail-negative-control,,,32768,,18944,0.2446960061788559,1.1196912833361072,1048576,3,55.351351351351354,421,,0.2719601094722748,,,,,1.3964719772338867,0.4790753828129646,8519680,1.2471779584884644,0.8049713960255602,heavy_tail_control,,0.98828125,False,1,0.14979171752929688,0.1499999998819726,,8.760485798120499e-06
1.03643339,64,,1.11518394947052,4195328,0.14894485473632812,0.13671875,0.162109375,0.00986674427986145,64,0.008770180326728272,0.2664930820465088,0.9359440207481384,8519680,1.2593787908554077,1.1915071037892926,heavy_tail,0.2791840136051178,,,heavy-tail-negative-control,,,32768,,18944,0.24384799599647522,1.1449100184901801,1048576,1,55.351351351351354,409,,0.2665296196937561,,,,,1.3913520574569702,0.48657614837349517,8519680,1.2483338117599487,0.8015109788307543,heavy_tail_control,,0.98046875,False,1,0.14891433715820312,0.1499999998819726,,1.1518364772200584e-05
1.03643339,64,,1.1287360191345215,4195328,0.15013504028320312,0.138671875,0.162109375,0.009110499173402786,64,0.008740824420797155,0.2665340006351471,0.9417120218276978,8519680,1.2591214179992676,1.1985999891387635,heavy_tail,0.2773999869823456,,,heavy-tail-negative-control,,,32768,,18944,0.24435199797153473,1.135247467936238,1048576,2,55.351351351351354,419,,0.26658427715301514,,,,,1.3946000337600708,0.48091985812541393,8519680,1.2481156587600708,0.8093618183066178,heavy_tail_control,,0.978515625,False,1,0.15013885498046875,0.1499999998819726,,1.676240935921669e-05
1.03643339,64,,1.1298400163650513,4195328,0.14938735961914062,0.138671875,0.162109375,0.00918935053050518,64,0.008858730554385463,0.26673105359077454,0.9423199892044067,8519680,1.2644858360290527,1.198998248269111,heavy_tail,0.277103990316391,,,heavy-tail-negative-control,,,32768,,18944,0.24767200648784637,1.118834519273735,1048576,0,55.351351351351354,401,,0.26677238941192627,,,,,1.4051920175552368,0.4912047220197773,8519680,1.2532840967178345,0.8040467083856305,heavy_tail_control,,0.9765625,False,1,0.14940261840820312,0.1499999998819726,,1.168690505437553e-05
1.28155157,64,,1.1286959648132324,4195328,0.09997940063476562,0.08984375,0.11113280057907104,0.008392998948693275,64,0.013965609577202498,0.19956758618354797,0.7993680238723755,8519680,1.337117314338684,1.411985382334278,heavy_tail,0.30904799699783325,,,heavy-tail-negative-control,,,32768,,18944,0.24673600494861603,1.2525451932408243,1048576,3,55.351351351351354,421,,0.19962720572948456,,,,,1.289080023765564,0.6126239545095618,8519680,1.3184436559677124,0.8755825425920187,heavy_tail_control,,0.982421875,False,1,0.0999908447265625,0.09999999921808483,,8.760485798120499e-06
1.28155157,64,,1.1216319799423218,4195328,0.09957122802734375,0.08984375,0.109375,0.008062097243964672,64,0.013923477604664503,0.1983281970024109,0.7939919829368591,8519680,1.3364201784133911,1.412648999040986,heavy_tail,0.2985439896583557,,,heavy-tail-negative-control,,,32768,,18944,0.24908800423145294,1.1985482423350593,1048576,1,55.351351351351354,409,,0.1983826905488968,,,,,1.27839994430542,0.610091753794298,8519680,1.3178125619888306,0.8773717371770746,heavy_tail_control,,0.982421875,False,1,0.09955978393554688,0.09999999921808483,,1.1518364772200584e-05
1.28155157,64,,1.1308239698410034,4195328,0.0999298095703125,0.08984375,0.111328125,0.008671383373439312,64,0.013991484327429804,0.19369876384735107,0.8033040165901184,8519680,1.3381463289260864,1.4077160657569578,heavy_tail,0.3089120090007782,,,heavy-tail-negative-control,,,32768,,18944,0.23767200112342834,1.299740851007323,1048576,2,55.351351351351354,419,,0.19377729296684265,,,,,1.2927520275115967,0.6092936183726523,8519680,1.3194236755371094,0.8747415945018576,heavy_tail_control,,0.98046875,False,1,0.09995269775390625,0.09999999921808483,,1.676240935921669e-05
1.28155157,64,,1.1231199502944946,4195328,0.09978485107421875,0.08984375,0.109375,0.007776112295687199,64,0.014090940339017477,0.19707408547401428,0.8005840182304382,8519680,1.340427041053772,1.4028758065605282,heavy_tail,0.30958399176597595,,,heavy-tail-negative-control,,,32768,,18944,0.2372799962759018,1.3047201476099204,1048576,0,55.351351351351354,401,,0.1971416473388672,,,,,1.299280047416687,0.6229152941230776,8519680,1.3215391635894775,0.8644171458859502,heavy_tail_control,,0.984375,False,1,0.0997772216796875,0.09999999921808483,,1.168690505437553e-05
1.64485363,64,,1.121216058731079,4195328,0.0496978759765625,0.041015625,0.05859375,0.006836193148046732,64,0.028469937459906558,0.11388622224330902,0.6659280061721802,8519680,1.4347981214523315,1.6836896005860147,heavy_tail,0.2680479884147644,,,heavy-tail-negative-control,,,32768,,18944,0.2478799968957901,1.0813619161349797,1048576,3,55.351351351351354,421,,0.11402800679206848,,,,,1.1747759580612183,0.7641185641281949,8519680,1.3939495086669922,0.9544084138234057,heavy_tail_control,,0.990234375,False,1,0.049686431884765625,0.049999999685588194,,8.760485798120499e-06
1.64485363,64,,1.1119439601898193,4195328,0.049983978271484375,0.041015625,0.05859375,0.006722564809024334,64,0.028050391757583393,0.11405251920223236,0.6575760245323181,8519680,1.4336788654327393,1.6909739995168729,heavy_tail,0.26497599482536316,,,heavy-tail-negative-control,,,32768,,18944,0.25406399369239807,1.0429498134480895,1048576,1,55.351351351351354,409,,0.11417831480503082,,,,,1.1705520153045654,0.7801014204206831,8519680,1.3934636116027832,0.9499312680269941,heavy_tail_control,,0.99609375,False,1,0.049983978271484375,0.049999999685588194,,1.1518364772200584e-05
1.64485363,64,,1.1299279928207397,4195328,0.050060272216796875,0.041015625,0.05859375,0.006297711748629808,64,0.028340402612713977,0.11167748272418976,0.6638399958610535,8519680,1.4359972476959229,1.7021089417113726,heavy_tail,0.27164000272750854,,,heavy-tail-negative-control,,,32768,,18944,0.24279999732971191,1.1187809131588793,1048576,2,55.351351351351354,419,,0.11184349656105042,,,,,1.1787919998168945,0.7757170510461744,8519680,1.3953005075454712,0.958547388340144,heavy_tail_control,,0.994140625,False,1,0.0500640869140625,0.049999999685588194,,1.676240935921669e-05
1.64485363,64,,1.130128026008606,4195328,0.0503692626953125,0.041015625,0.05859375,0.00697683822363615,64,0.02861311780415654,0.1138136237859726,0.675104022026062,8519680,1.4367632865905762,1.6740057667216475,heavy_tail,0.27908799052238464,,,heavy-tail-negative-control,,,32768,,18944,0.24488000571727753,1.1396928455016513,1048576,0,55.351351351351354,401,,0.11396846175193787,,,,,1.1858240365982056,0.7565056612156096,8519680,1.3956530094146729,0.9530318083706789,heavy_tail_control,,0.998046875,False,1,0.050373077392578125,0.049999999685588194,,1.168690505437553e-05
1.03643339,64,zero-embedding,0.0536159984767437,263168,0.110107421875,0.09843750298023224,0.125,0.008481910452246666,32,6.1696353580442675e-06,0.6019573211669922,0.33880800008773804,532480,0.8694870471954346,0.15824891520524678,sana,0.2727000117301941,3,32,released-sana-600m-qkv,seeded-gaussian,0,4096,Efficient-Large-Model/Sana_600M_512px_diffusers,4608,0.2413720041513443,1.1297913885622237,16384,0,3.5555555555555554,601,4096,0.6019617319107056,0.9980544747081712,0.035068001598119736,262656,1.5289151372577348,0.3272719979286194,-0.03404878915530707,532480,0.8694816827774048,0.16382702710922972,released_sana_probe,64,1.0,True,0,0.110107421875,0.1499999998819726,released-sana-600m-transformer,0.17028683423995972
1.28155157,64,zero-embedding,0.05347200110554695,263168,0.080810546875,0.078125,0.09375,0.007591949310153723,32,4.7063901456034785e-06,0.5911473631858826,0.31563600897789,532480,0.8738588094711304,0.16941033210596898,sana,0.2706480026245117,3,32,released-sana-600m-qkv,seeded-gaussian,0,4096,Efficient-Large-Model/Sana_600M_512px_diffusers,4608,0.2537040114402771,1.0667864535844098,16384,0,3.5555555555555554,601,4096,0.5911513566970825,0.9980544747081712,0.03436800092458725,262656,1.5558659120988467,0.351967990398407,0.11510721333148655,532480,0.8738546967506409,0.15192290936746777,released_sana_probe,64,1.0,True,0,0.080810546875,0.09999999921808483,released-sana-600m-transformer,0.17028683423995972
1.03643339,64,zero-embedding,0.05159199982881546,263168,0.0,0.0,0.0,0.0,32,nan,nan,0.3305560052394867,532480,nan,0.15607642581303957,sana,0.2679240107536316,7,32,released-sana-600m-qkv,seeded-gaussian,2,4096,Efficient-Large-Model/Sana_600M_512px_diffusers,4608,0.23456400632858276,1.142221327761248,16384,1,3.5555555555555554,607,4096,0.9990876913070679,0.9980544747081712,0.03347200155258179,262656,1.5413479157429122,0.32951998710632324,-0.003134168240001789,532480,0.04390132799744606,0.15656713355044147,released_sana_probe,64,1.0,True,0,0.0,0.1499999998819726,released-sana-600m-transformer,0.08399474620819092
1.03643339,64,zero-embedding,0.05369200184941292,263168,0.015625,0.015625,0.015625,0.0,32,0.9957321139621085,0.80450838804245,0.3427639901638031,532480,0.5970789790153503,0.156644231570983,sana,0.27338001132011414,13,32,released-sana-600m-qkv,seeded-gaussian,6,4096,Efficient-Large-Model/Sana_600M_512px_diffusers,4608,0.24250400066375732,1.1273216547844411,16384,2,3.5555555555555554,613,4096,0.9999978542327881,0.9980544747081712,0.03482799977064133,262656,1.5416332319685273,0.3246519863605499,-0.05284103442312493,532480,0.0025482650380581617,0.16538325377681196,released_sana_probe,64,1.0,True,0,0.015625,0.1499999998819726,released-sana-600m-transformer,6.98678195476532e-06
1.28155157,64,zero-embedding,0.051444001495838165,263168,0.0,0.0,0.0,0.0,32,nan,nan,0.316536009311676,532480,nan,0.16252179841309625,sana,0.2668040096759796,7,32,released-sana-600m-qkv,seeded-gaussian,2,4096,Efficient-Large-Model/Sana_600M_512px_diffusers,4608,0.2547599971294403,1.0472759172642787,16384,1,3.5555555555555554,607,4096,0.9990876913070679,0.9980544747081712,0.032868001610040665,262656,1.5651697388295984,0.34648001194000244,0.09459904006953646,532480,0.04390132799744606,0.1484761017173665,released_sana_probe,64,1.0,True,0,0.0,0.09999999921808483,released-sana-600m-transformer,0.08399474620819092
1.03643339,64,zero-embedding,0.05216800048947334,263168,0.03125,0.03125,0.03125,0.0,32,0.9949910765790385,0.725401759147644,0.3407920002937317,532480,0.7275798320770264,0.15307871207220028,sana,0.2700360119342804,23,32,released-sana-600m-qkv,seeded-gaussian,12,4096,Efficient-Large-Model/Sana_600M_512px_diffusers,4608,0.23481999337673187,1.1499702731915589,16384,3,3.5555555555555554,617,4096,0.9999963045120239,0.9980544747081712,0.034223999828100204,262656,1.5243104473907783,0.33224400877952576,-0.025082723499490478,532480,0.0036443916615098715,0.1570171293114019,released_sana_probe,64,1.0,True,0,0.03125,0.1499999998819726,released-sana-600m-transformer,9.967945516109467e-06
1.28155157,64,zero-embedding,0.053196001797914505,263168,0.015625,0.015625,0.015625,0.0,32,0.9957321139621085,0.80450838804245,0.32334399223327637,532480,0.5970789790153503,0.16451829344500787,sana,0.2795400023460388,13,32,released-sana-600m-qkv,seeded-gaussian,6,4096,Efficient-Large-Model/Sana_600M_512px_diffusers,4608,0.25931599736213684,1.0779898085333277,16384,2,3.5555555555555554,613,4096,0.9999978542327881,0.9980544747081712,0.036024000495672226,262656,1.4766822414491487,0.3476719856262207,0.07523873638386003,532480,0.0025482650380581617,0.1530062932798534,released_sana_probe,64,1.0,True,0,0.015625,0.09999999921808483,released-sana-600m-transformer,6.98678195476532e-06
1.28155157,64,zero-embedding,0.05300400033593178,263168,0.03125,0.03125,0.03125,0.0,32,0.9949910765790385,0.725401759147644,0.311924010515213,532480,0.7275798320770264,0.16992600296586238,sana,0.27319198846817017,23,32,released-sana-600m-qkv,seeded-gaussian,12,4096,Efficient-Large-Model/Sana_600M_512px_diffusers,4608,0.24964800477027893,1.0943087196693437,16384,3,3.5555555555555554,617,4096,0.9999963045120239,0.9980544747081712,0.03346800059080124,262656,1.58372174615355,0.34878799319267273,0.11818257471289417,532480,0.0036443916615098715,0.15196624129963104,released_sana_probe,64,1.0,True,0,0.03125,0.09999999921808483,released-sana-600m-transformer,9.967945516109467e-06
